rank,team,year
1.0,Ohio State,1962
2.0,Cincinnati,1962
3.0,Wake Forest,1962
4.0,USC,1962
5.0,Providence,1962
6.0,Purdue,1962
7.0,Duke,1962
8.0,Kansas State,1962
9.0,St. John's,1962
10.0,Seattle,1962
1.0,Cincinnati,1963
2.0,Duke,1963
3.0,Kentucky,1963
4.0,Loyola Chicago,1963
5.0,West Virginia,1963
6.0,Mississippi State,1963
7.0,Oregon State,1963
8.0,Illinois,1963
9.0,St. Bonaventure,1963
10.0,Wisconsin,1963
1.0,Loyola Chicago,1964
2.0,New York,1964
3.0,Cincinnati,1964
4.0,Duke,1964
5.0,Wichita State,1964
6.0,Arizona State,1964
7.0,Ohio State,1964
8.0,Michigan,1964
9.0,Kentucky,1964
10.0,Oregon State,1964
1.0,Michigan,1965
2.0,UCLA,1965
3.0,Wichita State,1965
4.0,Davidson,1965
5.0,Duke,1965
6.0,Vanderbilt,1965
7.0,Syracuse,1965
8.0,Kansas State,1965
9.0,San Francisco,1965
10.0,St. John's,1965
11.0,Kentucky,1965
11.0,Minnesota,1965
13.0,North Carolina,1965
14.0,Bradley,1965
15.0,Seattle,1965
16.0,Villanova,1965
17.0,Notre Dame,1965
18.0,Kansas,1965
19.0,BYU,1965
20.0,DePaul,1965
1.0,UCLA,1966
2.0,Michigan,1966
3.0,Duke,1966
4.0,Saint Joseph's,1966
5.0,Vanderbilt,1966
6.0,Providence,1966
7.0,Minnesota,1966
8.0,Kansas,1966
9.0,Bradley,1966
10.0,Kansas State,1966
1.0,UCLA,1967
2.0,UTEP,1967
3.0,Kentucky,1967
4.0,Duke,1967
5.0,Louisville,1967
6.0,New Mexico,1967
7.0,Houston,1967
8.0,Western Kentucky,1967
9.0,North Carolina,1967
10.0,Cincinnati,1967
1.0,UCLA,1968
2.0,Houston,1968
3.0,Louisville,1968
4.0,North Carolina,1968
5.0,Kansas,1968
6.0,Dayton,1968
7.0,Boston College,1968
8.0,Princeton,1968
9.0,Vanderbilt,1968
10.0,Davidson,1968
1.0,UCLA,1969
2.0,North Carolina,1969
3.0,Kentucky,1969
4.0,Notre Dame,1969
5.0,Kansas,1969
6.0,Davidson,1969
7.0,St. Bonaventure,1969
8.0,Houston,1969
9.0,New Mexico,1969
10.0,Purdue,1969
11.0,Villanova,1969
12.0,Ohio State,1969
13.0,Vanderbilt,1969
14.0,Cincinnati,1969
15.0,Marquette,1969
16.0,Western Kentucky,1969
17.0,Duke,1969
18.0,Detroit,1969
19.0,Florida,1969
20.0,Tennessee,1969
1.0,South Carolina,1970
2.0,Kentucky,1970
3.0,Purdue,1970
4.0,UCLA,1970
5.0,Davidson,1970
6.0,New Mexico State,1970
7.0,North Carolina,1970
8.0,Marquette,1970
9.0,Villanova,1970
10.0,Colorado,1970
11.0,Duquesne,1970
12.0,Santa Clara,1970
13.0,Notre Dame,1970
14.0,St. John's,1970
15.0,Louisville,1970
16.0,USC,1970
17.0,St. Bonaventure,1970
18.0,Ohio State,1970
19.0,Drake,1970
20.0,Houston,1970
1.0,UCLA,1971
2.0,South Carolina,1971
3.0,Kentucky,1971
4.0,Jacksonville,1971
5.0,Notre Dame,1971
6.0,Marquette,1971
7.0,USC,1971
8.0,Villanova,1971
9.0,Western Kentucky,1971
10.0,Drake,1971
11.0,Penn,1971
12.0,Utah State,1971
13.0,Duke,1971
14.0,Kansas,1971
15.0,New Mexico State,1971
16.0,Indiana,1971
17.0,Houston,1971
18.0,Long Beach State,1971
19.0,NC State,1971
20.0,St. Bonaventure,1971
1.0,UCLA,1972
2.0,North Carolina,1972
3.0,USC,1972
4.0,Marquette,1972
5.0,Ohio State,1972
6.0,Maryland,1972
7.0,Houston,1972
8.0,Long Beach State,1972
9.0,Louisville,1972
10.0,Kentucky,1972
11.0,Jacksonville,1972
12.0,South Carolina,1972
13.0,Michigan,1972
14.0,Kansas,1972
15.0,Penn,1972
16.0,New Mexico,1972
17.0,St. John's,1972
18.0,Villanova,1972
19.0,BYU,1972
20.0,Oklahoma,1972
1.0,UCLA,1973
2.0,Florida State,1973
3.0,Maryland,1973
4.0,Minnesota,1973
5.0,Marquette,1973
6.0,Long Beach State,1973
7.0,Louisiana-Lafayette,1973
8.0,NC State,1973
9.0,Penn,1973
10.0,Ohio State,1973
11.0,Memphis,1973
12.0,BYU,1973
13.0,Kentucky,1973
14.0,Tennessee,1973
15.0,Houston,1973
16.0,South Carolina,1973
17.0,Kansas State,1973
18.0,Oral Roberts,1973
19.0,Michigan,1973
20.0,Louisville,1973
20.0,USC,1973
1.0,UCLA,1974
2.0,NC State,1974
3.0,Indiana,1974
4.0,Maryland,1974
5.0,North Carolina,1974
6.0,Providence,1974
7.0,Marquette,1974
8.0,Notre Dame,1974
9.0,Louisville,1974
10.0,Kentucky,1974
11.0,San Francisco,1974
12.0,Long Beach State,1974
13.0,Kansas,1974
14.0,Houston,1974
15.0,Arizona,1974
16.0,Penn,1974
17.0,Jacksonville,1974
18.0,Alabama,1974
19.0,UNLV,1974
20.0,Memphis,1974
1.0,NC State,1975
2.0,UCLA,1975
3.0,Indiana,1975
4.0,Maryland,1975
5.0,Marquette,1975
6.0,Kansas,1975
7.0,South Carolina,1975
8.0,Louisville,1975
9.0,Alabama,1975
10.0,USC,1975
11.0,North Carolina,1975
12.0,Notre Dame,1975
13.0,Purdue,1975
14.0,Providence,1975
15.0,Memphis,1975
16.0,Kentucky,1975
17.0,Michigan,1975
18.0,Minnesota,1975
19.0,Arizona,1975
20.0,Penn,1975
1.0,Indiana,1976
2.0,UCLA,1976
3.0,Maryland,1976
4.0,Marquette,1976
5.0,North Carolina,1976
6.0,Kentucky,1976
7.0,Notre Dame,1976
8.0,Louisville,1976
9.0,Tennessee,1976
10.0,Cincinnati,1976
11.0,Arizona,1976
12.0,Alabama,1976
13.0,NC State,1976
14.0,Kansas State,1976
15.0,San Francisco,1976
16.0,Michigan,1976
17.0,Providence,1976
18.0,Arizona State,1976
19.0,Memphis,1976
20.0,Auburn,1976
20.0,Syracuse,1976
1.0,Michigan,1977
2.0,Marquette,1977
3.0,North Carolina,1977
4.0,UCLA,1977
5.0,Indiana,1977
6.0,Kentucky,1977
7.0,UNLV,1977
8.0,Maryland,1977
9.0,Louisville,1977
10.0,Arizona,1977
11.0,San Francisco,1977
12.0,Cincinnati,1977
13.0,Alabama,1977
14.0,Notre Dame,1977
15.0,NC State,1977
16.0,Tennessee,1977
17.0,Rutgers,1977
18.0,DePaul,1977
19.0,Charlotte,1977
20.0,Missouri,1977
1.0,North Carolina,1978
2.0,Kentucky,1978
3.0,Marquette,1978
4.0,Notre Dame,1978
5.0,San Francisco,1978
6.0,UCLA,1978
7.0,Arkansas,1978
8.0,UNLV,1978
9.0,Cincinnati,1978
10.0,Louisville,1978
11.0,Syracuse,1978
12.0,Purdue,1978
13.0,Michigan,1978
14.0,Maryland,1978
15.0,Alabama,1978
16.0,Minnesota,1978
17.0,Wake Forest,1978
18.0,Holy Cross,1978
19.0,Detroit,1978
20.0,St. John's,1978
1.0,Duke,1979
2.0,UCLA,1979
3.0,Notre Dame,1979
4.0,Louisville,1979
5.0,Kansas,1979
6.0,Texas,1979
7.0,Michigan State,1979
8.0,Michigan,1979
9.0,Syracuse,1979
10.0,Indiana,1979
11.0,Kentucky,1979
12.0,NC State,1979
13.0,USC,1979
14.0,LSU,1979
15.0,Rutgers,1979
16.0,North Carolina,1979
17.0,San Francisco,1979
18.0,Marquette,1979
19.0,Alabama,1979
20.0,UNLV,1979
1.0,Indiana,1980
2.0,Kentucky,1980
3.0,Duke,1980
4.0,Ohio State,1980
5.0,Notre Dame,1980
6.0,North Carolina,1980
7.0,LSU,1980
8.0,UCLA,1980
9.0,DePaul,1980
10.0,Louisville,1980
11.0,Purdue,1980
12.0,Syracuse,1980
13.0,Virginia,1980
14.0,Texas A&M,1980
15.0,BYU,1980
16.0,St. John's,1980
17.0,Oregon State,1980
18.0,Marquette,1980
19.0,Georgetown,1980
20.0,Kansas,1980
1.0,Kentucky,1981
2.0,DePaul,1981
3.0,Louisville,1981
4.0,Maryland,1981
5.0,Indiana,1981
6.0,UCLA,1981
7.0,Oregon State,1981
8.0,Virginia,1981
9.0,Ohio State,1981
10.0,Notre Dame,1981
11.0,Missouri,1981
12.0,LSU,1981
13.0,North Carolina,1981
14.0,Iowa,1981
15.0,Texas A&M,1981
16.0,Georgetown,1981
17.0,St. John's,1981
18.0,BYU,1981
19.0,Syracuse,1981
20.0,Arkansas,1981
1.0,North Carolina,1982
2.0,UCLA,1982
3.0,Kentucky,1982
4.0,Louisville,1982
5.0,Georgetown,1982
6.0,Wichita State,1982
7.0,Virginia,1982
8.0,DePaul,1982
9.0,Iowa,1982
10.0,Minnesota,1982
11.0,Tulsa,1982
12.0,Indiana,1982
13.0,Wake Forest,1982
14.0,UAB,1982
15.0,Missouri,1982
16.0,Georgia,1982
17.0,LSU,1982
18.0,Arkansas,1982
19.0,Notre Dame,1982
20.0,Alabama,1982
1.0,Virginia,1983
2.0,Georgetown,1983
3.0,North Carolina,1983
4.0,Kentucky,1983
5.0,Villanova,1983
6.0,Memphis,1983
7.0,UCLA,1983
8.0,Louisville,1983
9.0,Indiana,1983
10.0,Oregon State,1983
11.0,Iowa,1983
12.0,Alabama,1983
13.0,Tennessee,1983
14.0,Houston,1983
15.0,Missouri,1983
16.0,NC State,1983
17.0,Arkansas,1983
18.0,Marquette,1983
19.0,St. John's,1983
20.0,Oklahoma,1983
20.0,UNLV,1983
1.0,North Carolina,1984
2.0,Kentucky,1984
3.0,Houston,1984
4.0,Georgetown,1984
5.0,Memphis,1984
6.0,Louisville,1984
7.0,Iowa,1984
8.0,Maryland,1984
9.0,UCLA,1984
10.0,Oregon State,1984
11.0,LSU,1984
12.0,Michigan State,1984
13.0,Fresno State,1984
14.0,Arkansas,1984
15.0,Boston College,1984
16.0,Georgia,1984
17.0,Kansas,1984
18.0,DePaul,1984
19.0,Indiana,1984
20.0,Oklahoma,1984
1.0,Georgetown,1985
2.0,Illinois,1985
3.0,DePaul,1985
4.0,Indiana,1985
5.0,Oklahoma,1985
6.0,Duke,1985
7.0,St. John's,1985
8.0,Memphis,1985
9.0,Washington,1985
10.0,SMU,1985
11.0,UNLV,1985
12.0,Syracuse,1985
13.0,NC State,1985
14.0,LSU,1985
15.0,Virginia Tech,1985
16.0,Arkansas,1985
17.0,Louisville,1985
18.0,Kentucky,1985
19.0,Kansas,1985
20.0,Georgia Tech,1985
1.0,Georgia Tech,1986
2.0,North Carolina,1986
3.0,Michigan,1986
4.0,Syracuse,1986
5.0,Kansas,1986
6.0,Duke,1986
7.0,Illinois,1986
8.0,Georgetown,1986
9.0,Louisville,1986
10.0,Auburn,1986
11.0,Kentucky,1986
12.0,Notre Dame,1986
13.0,Oklahoma,1986
14.0,LSU,1986
15.0,Memphis,1986
16.0,UAB,1986
17.0,NC State,1986
18.0,UNLV,1986
19.0,Maryland,1986
19.0,Navy,1986
1.0,North Carolina,1987
2.0,Louisville,1987
3.0,Indiana,1987
4.0,Purdue,1987
5.0,UNLV,1987
6.0,Georgia Tech,1987
7.0,Oklahoma,1987
8.0,Kansas,1987
9.0,Navy,1987
10.0,Iowa,1987
11.0,Kentucky,1987
12.0,Auburn,1987
13.0,Alabama,1987
14.0,Illinois,1987
15.0,Syracuse,1987
16.0,Pittsburgh,1987
17.0,NC State,1987
18.0,Georgetown,1987
19.0,Arizona,1987
20.0,Cleveland State,1987
1.0,Syracuse,1988
2.0,Purdue,1988
3.0,North Carolina,1988
4.0,Pittsburgh,1988
5.0,Kentucky,1988
6.0,Indiana,1988
7.0,Kansas,1988
8.0,Missouri,1988
9.0,Michigan,1988
10.0,Wyoming,1988
11.0,Iowa,1988
12.0,Temple,1988
13.0,Louisville,1988
14.0,Florida,1988
15.0,Duke,1988
16.0,Georgetown,1988
17.0,Arizona,1988
18.0,Georgia Tech,1988
19.0,Oklahoma,1988
20.0,DePaul,1988
1.0,Duke,1989
2.0,Georgetown,1989
3.0,Michigan,1989
4.0,Louisville,1989
5.0,Oklahoma,1989
6.0,North Carolina,1989
7.0,Iowa,1989
8.0,Syracuse,1989
9.0,Illinois,1989
10.0,UNLV,1989
11.0,Arizona,1989
12.0,Villanova,1989
13.0,Georgia Tech,1989
14.0,Missouri,1989
15.0,Florida,1989
16.0,Florida State,1989
17.0,Ohio State,1989
18.0,NC State,1989
19.0,Temple,1989
20.0,Stanford,1989
1.0,UNLV,1990
2.0,LSU,1990
3.0,Syracuse,1990
4.0,Michigan,1990
5.0,Georgetown,1990
6.0,Arizona,1990
7.0,North Carolina,1990
8.0,Illinois,1990
9.0,Arkansas,1990
10.0,Duke,1990
11.0,Missouri,1990
12.0,Louisville,1990
13.0,UCLA,1990
14.0,Indiana,1990
15.0,Temple,1990
16.0,Oklahoma,1990
17.0,Notre Dame,1990
18.0,Pittsburgh,1990
19.0,NC State,1990
20.0,Minnesota,1990
21.0,Oklahoma State,1990
22.0,Georgia Tech,1990
23.0,Florida,1990
24.0,Memphis,1990
25.0,St. John's,1990
1.0,UNLV,1991
2.0,Arkansas,1991
3.0,Arizona,1991
4.0,Michigan State,1991
5.0,North Carolina,1991
6.0,Duke,1991
7.0,Alabama,1991
8.0,Indiana,1991
9.0,Georgetown,1991
10.0,Ohio State,1991
11.0,UCLA,1991
12.0,Pittsburgh,1991
13.0,Syracuse,1991
14.0,LSU,1991
15.0,Oklahoma,1991
16.0,Georgia Tech,1991
17.0,Connecticut,1991
18.0,Virginia,1991
19.0,Temple,1991
20.0,Missouri,1991
21.0,Georgia,1991
22.0,Texas,1991
23.0,Louisville,1991
24.0,Southern Miss,1991
25.0,St. John's,1991
1.0,Duke,1992
2.0,Indiana,1992
3.0,Arkansas,1992
4.0,Kentucky,1992
5.0,Arizona,1992
6.0,LSU,1992
7.0,Ohio State,1992
8.0,North Carolina,1992
9.0,Seton Hall,1992
10.0,St. John's,1992
11.0,UCLA,1992
12.0,Kansas,1992
13.0,Oklahoma State,1992
14.0,Utah,1992
15.0,Connecticut,1992
16.0,Georgetown,1992
17.0,Alabama,1992
18.0,DePaul,1992
19.0,Oklahoma,1992
20.0,Michigan,1992
21.0,Iowa,1992
22.0,Wake Forest,1992
23.0,Georgia Tech,1992
24.0,Arizona State,1992
25.0,Louisville,1992
1.0,Michigan,1993
2.0,Kansas,1993
3.0,Duke,1993
4.0,Indiana,1993
5.0,Kentucky,1993
6.0,Seton Hall,1993
7.0,North Carolina,1993
8.0,Memphis,1993
9.0,Florida State,1993
10.0,Arizona,1993
11.0,Iowa,1993
12.0,Georgetown,1993
13.0,Louisville,1993
14.0,Georgia Tech,1993
15.0,Oklahoma,1993
16.0,Connecticut,1993
17.0,Tulane,1993
18.0,Syracuse,1993
19.0,Iowa State,1993
20.0,Michigan State,1993
21.0,Cincinnati,1993
22.0,UNLV,1993
23.0,Massachusetts,1993
24.0,UCLA,1993
25.0,Nebraska,1993
1.0,North Carolina,1994
2.0,Kentucky,1994
3.0,Arkansas,1994
4.0,Duke,1994
5.0,Michigan,1994
6.0,California,1994
7.0,Louisville,1994
8.0,Temple,1994
9.0,Kansas,1994
10.0,Minnesota,1994
11.0,Oklahoma State,1994
12.0,Indiana,1994
13.0,UCLA,1994
14.0,Georgia Tech,1994
15.0,Georgetown,1994
16.0,Virginia,1994
17.0,Illinois,1994
18.0,Arizona,1994
19.0,Cincinnati,1994
20.0,Syracuse,1994
21.0,Purdue,1994
22.0,Massachusetts,1994
23.0,Vanderbilt,1994
24.0,George Washington,1994
25.0,Florida State,1994
1.0,Arkansas,1995
2.0,North Carolina,1995
3.0,Massachusetts,1995
4.0,Kentucky,1995
5.0,Arizona,1995
6.0,UCLA,1995
7.0,Maryland,1995
8.0,Duke,1995
9.0,Indiana,1995
10.0,Florida,1995
11.0,Kansas,1995
12.0,Syracuse,1995
13.0,Cincinnati,1995
14.0,Virginia,1995
15.0,Georgetown,1995
16.0,Michigan,1995
17.0,Wisconsin,1995
18.0,Alabama,1995
19.0,Connecticut,1995
20.0,Michigan State,1995
21.0,Oklahoma State,1995
22.0,Villanova,1995
23.0,Georgia Tech,1995
24.0,Wake Forest,1995
25.0,Illinois,1995
1.0,Kentucky,1996
2.0,Kansas,1996
3.0,Villanova,1996
4.0,UCLA,1996
5.0,Georgetown,1996
6.0,Connecticut,1996
7.0,Massachusetts,1996
8.0,Iowa,1996
9.0,Mississippi State,1996
10.0,Utah,1996
11.0,Wake Forest,1996
12.0,Louisville,1996
13.0,Memphis,1996
14.0,Missouri,1996
15.0,Maryland,1996
16.0,Arkansas,1996
17.0,Michigan,1996
18.0,Stanford,1996
19.0,Virginia,1996
20.0,North Carolina,1996
21.0,Cincinnati,1996
22.0,Virginia Tech,1996
23.0,Indiana,1996
24.0,Purdue,1996
25.0,California,1996
1.0,Cincinnati,1997
2.0,Kansas,1997
3.0,Kentucky,1997
4.0,Wake Forest,1997
5.0,UCLA,1997
6.0,Utah,1997
7.0,Villanova,1997
8.0,North Carolina,1997
9.0,Michigan,1997
10.0,Duke,1997
11.0,Iowa State,1997
12.0,Syracuse,1997
13.0,Arkansas,1997
14.0,Fresno State,1997
15.0,Massachusetts,1997
16.0,Texas,1997
17.0,New Mexico,1997
18.0,Stanford,1997
19.0,Arizona,1997
20.0,Clemson,1997
21.0,Boston College,1997
22.0,Minnesota,1997
23.0,Iowa,1997
24.0,George Washington,1997
25.0,Marquette,1997
1.0,Arizona,1998
2.0,Kansas,1998
3.0,Duke,1998
4.0,North Carolina,1998
5.0,Clemson,1998
6.0,UCLA,1998
7.0,South Carolina,1998
8.0,Kentucky,1998
9.0,Purdue,1998
10.0,Xavier,1998
11.0,New Mexico,1998
12.0,Connecticut,1998
13.0,Fresno State,1998
14.0,Stanford,1998
15.0,Iowa,1998
16.0,Utah,1998
17.0,Indiana,1998
18.0,Charlotte,1998
19.0,Georgia,1998
20.0,Oklahoma,1998
21.0,Rhode Island,1998
22.0,Texas,1998
23.0,Mississippi,1998
24.0,Temple,1998
25.0,Louisville,1998
1.0,Duke,1999
2.0,Connecticut,1999
3.0,Stanford,1999
4.0,Kentucky,1999
5.0,Michigan State,1999
6.0,Maryland,1999
7.0,Temple,1999
8.0,Kansas,1999
9.0,Tennessee,1999
10.0,Utah,1999
11.0,North Carolina,1999
12.0,UCLA,1999
13.0,Oklahoma State,1999
14.0,Washington,1999
15.0,Cincinnati,1999
16.0,Purdue,1999
17.0,Xavier,1999
18.0,Arizona,1999
19.0,Arkansas,1999
20.0,New Mexico,1999
20.0,Syracuse,1999
22.0,Indiana,1999
23.0,Rhode Island,1999
24.0,Massachusetts,1999
25.0,TCU,1999
1.0,Connecticut,2000
2.0,Cincinnati,2000
3.0,Michigan State,2000
4.0,Auburn,2000
5.0,Ohio State,2000
6.0,North Carolina,2000
7.0,Temple,2000
8.0,Florida,2000
9.0,Arizona,2000
10.0,Duke,2000
11.0,Kansas,2000
12.0,UCLA,2000
13.0,Stanford,2000
14.0,Kentucky,2000
15.0,Utah,2000
16.0,Illinois,2000
17.0,Syracuse,2000
18.0,St. John's,2000
19.0,Tennessee,2000
20.0,DePaul,2000
21.0,Texas,2000
22.0,Oklahoma State,2000
23.0,Purdue,2000
24.0,Gonzaga,2000
25.0,Miami (FL),2000
1.0,Arizona,2001
2.0,Duke,2001
3.0,Michigan State,2001
4.0,Stanford,2001
5.0,Maryland,2001
6.0,North Carolina,2001
7.0,Kansas,2001
8.0,Illinois,2001
9.0,Tennessee,2001
10.0,Seton Hall,2001
11.0,Florida,2001
12.0,Kentucky,2001
13.0,Utah,2001
14.0,Connecticut,2001
15.0,Arkansas,2001
15.0,Notre Dame,2001
17.0,UCLA,2001
18.0,Cincinnati,2001
19.0,Wisconsin,2001
20.0,Wake Forest,2001
21.0,DePaul,2001
22.0,Oklahoma,2001
23.0,USC,2001
24.0,Virginia,2001
25.0,Iowa State,2001
1.0,Duke,2002
2.0,Maryland,2002
3.0,Illinois,2002
4.0,Kentucky,2002
5.0,UCLA,2002
6.0,Florida,2002
7.0,Kansas,2002
8.0,Missouri,2002
9.0,Iowa,2002
10.0,Saint Joseph's,2002
11.0,Virginia,2002
12.0,Memphis,2002
13.0,Stanford,2002
14.0,Georgetown,2002
15.0,Michigan State,2002
16.0,Temple,2002
17.0,Boston College,2002
18.0,Oklahoma State,2002
19.0,North Carolina,2002
20.0,USC,2002
21.0,Syracuse,2002
22.0,Indiana,2002
23.0,Texas,2002
24.0,Alabama,2002
25.0,Oklahoma,2002
1.0,Arizona,2003
2.0,Kansas,2003
3.0,Oklahoma,2003
4.0,Texas,2003
5.0,Pittsburgh,2003
6.0,Duke,2003
7.0,Florida,2003
8.0,Alabama,2003
9.0,Michigan State,2003
10.0,Xavier,2003
11.0,Oregon,2003
12.0,Mississippi State,2003
13.0,Maryland,2003
14.0,UCLA,2003
15.0,Connecticut,2003
16.0,Georgia,2003
17.0,Kentucky,2003
18.0,Marquette,2003
19.0,Missouri,2003
20.0,Western Kentucky,2003
21.0,Indiana,2003
22.0,Gonzaga,2003
23.0,Cincinnati,2003
24.0,Minnesota,2003
25.0,Tulsa,2003
1.0,Connecticut,2004
2.0,Duke,2004
3.0,Michigan State,2004
4.0,Arizona,2004
5.0,Missouri,2004
6.0,Kansas,2004
7.0,Syracuse,2004
8.0,Florida,2004
9.0,North Carolina,2004
10.0,Gonzaga,2004
11.0,Kentucky,2004
12.0,Texas,2004
13.0,Illinois,2004
14.0,Oklahoma,2004
15.0,Wisconsin,2004
16.0,Louisville,2004
17.0,Saint Joseph's,2004
18.0,Cincinnati,2004
19.0,Stanford,2004
20.0,Wake Forest,2004
21.0,Notre Dame,2004
22.0,Pittsburgh,2004
23.0,Marquette,2004
24.0,NC State,2004
25.0,Oklahoma State,2004
1.0,Kansas,2005
2.0,Wake Forest,2005
3.0,Georgia Tech,2005
4.0,North Carolina,2005
5.0,Illinois,2005
6.0,Syracuse,2005
7.0,Oklahoma State,2005
8.0,Connecticut,2005
9.0,Kentucky,2005
10.0,Arizona,2005
11.0,Duke,2005
12.0,Mississippi State,2005
13.0,Michigan State,2005
14.0,Louisville,2005
15.0,Maryland,2005
16.0,Texas,2005
17.0,Pittsburgh,2005
18.0,Alabama,2005
19.0,NC State,2005
20.0,Notre Dame,2005
21.0,Wisconsin,2005
22.0,Washington,2005
23.0,Florida,2005
24.0,Memphis,2005
25.0,Gonzaga,2005
1.0,Duke,2006
2.0,Texas,2006
3.0,Connecticut,2006
4.0,Michigan State,2006
5.0,Villanova,2006
6.0,Oklahoma,2006
7.0,Louisville,2006
8.0,Gonzaga,2006
9.0,Kentucky,2006
10.0,Arizona,2006
11.0,Boston College,2006
12.0,Memphis,2006
13.0,Stanford,2006
14.0,West Virginia,2006
15.0,Alabama,2006
16.0,Syracuse,2006
17.0,Illinois,2006
18.0,Wake Forest,2006
19.0,UCLA,2006
20.0,Iowa,2006
21.0,George Washington,2006
22.0,Nevada,2006
23.0,Maryland,2006
24.0,Indiana,2006
25.0,Iowa State,2006
1.0,Florida,2007
2.0,North Carolina,2007
3.0,Kansas,2007
4.0,Pittsburgh,2007
5.0,LSU,2007
6.0,UCLA,2007
7.0,Ohio State,2007
8.0,Georgetown,2007
9.0,Wisconsin,2007
10.0,Arizona,2007
11.0,Alabama,2007
12.0,Duke,2007
13.0,Texas A&M,2007
14.0,Memphis,2007
15.0,Boston College,2007
16.0,Marquette,2007
17.0,Washington,2007
18.0,Connecticut,2007
19.0,Creighton,2007
20.0,Syracuse,2007
21.0,Texas,2007
22.0,Kentucky,2007
23.0,Georgia Tech,2007
24.0,Nevada,2007
25.0,Tennessee,2007
1.0,North Carolina,2008
2.0,UCLA,2008
3.0,Memphis,2008
4.0,Kansas,2008
5.0,Georgetown,2008
6.0,Louisville,2008
7.0,Tennessee,2008
8.0,Michigan State,2008
9.0,Indiana,2008
10.0,Washington State,2008
11.0,Marquette,2008
12.0,Oregon,2008
13.0,Duke,2008
14.0,Gonzaga,2008
15.0,Texas,2008
16.0,Texas A&M,2008
17.0,Arizona,2008
18.0,USC,2008
19.0,Arkansas,2008
20.0,Kentucky,2008
21.0,NC State,2008
22.0,Pittsburgh,2008
23.0,Stanford,2008
24.0,Southern Illinois,2008
25.0,Kansas State,2008
1.0,North Carolina,2009
2.0,Connecticut,2009
3.0,Louisville,2009
4.0,UCLA,2009
5.0,Pittsburgh,2009
6.0,Michigan State,2009
7.0,Texas,2009
8.0,Duke,2009
9.0,Notre Dame,2009
10.0,Gonzaga,2009
11.0,Purdue,2009
12.0,Oklahoma,2009
13.0,Memphis,2009
14.0,Tennessee,2009
15.0,Arizona State,2009
16.0,Marquette,2009
17.0,Miami (FL),2009
18.0,USC,2009
19.0,Florida,2009
20.0,Davidson,2009
21.0,Wake Forest,2009
22.0,Georgetown,2009
23.0,Villanova,2009
24.0,Kansas,2009
25.0,Wisconsin,2009
1.0,Kansas,2010
2.0,Michigan State,2010
3.0,Texas,2010
4.0,Kentucky,2010
5.0,Villanova,2010
6.0,North Carolina,2010
7.0,Purdue,2010
8.0,West Virginia,2010
9.0,Duke,2010
10.0,Tennessee,2010
11.0,Butler,2010
12.0,Connecticut,2010
13.0,California,2010
14.0,Washington,2010
15.0,Michigan,2010
16.0,Ohio State,2010
17.0,Oklahoma,2010
18.0,Mississippi State,2010
19.0,Louisville,2010
20.0,Georgetown,2010
21.0,Dayton,2010
22.0,Georgia Tech,2010
23.0,Illinois,2010
24.0,Clemson,2010
25.0,Minnesota,2010
1.0,Duke,2011
2.0,Michigan State,2011
3.0,Kansas State,2011
4.0,Ohio State,2011
5.0,Pittsburgh,2011
6.0,Villanova,2011
7.0,Kansas,2011
8.0,North Carolina,2011
9.0,Florida,2011
10.0,Syracuse,2011
11.0,Kentucky,2011
12.0,Gonzaga,2011
13.0,Illinois,2011
14.0,Purdue,2011
15.0,Missouri,2011
16.0,Baylor,2011
17.0,Butler,2011
18.0,Washington,2011
19.0,Memphis,2011
20.0,Georgetown,2011
21.0,Virginia Tech,2011
22.0,Temple,2011
23.0,Tennessee,2011
24.0,BYU,2011
25.0,San Diego State,2011
1.0,North Carolina,2012
2.0,Kentucky,2012
3.0,Ohio State,2012
4.0,Connecticut,2012
5.0,Syracuse,2012
6.0,Duke,2012
7.0,Vanderbilt,2012
8.0,Florida,2012
9.0,Louisville,2012
10.0,Pittsburgh,2012
11.0,Memphis,2012
12.0,Baylor,2012
13.0,Kansas,2012
14.0,Xavier,2012
15.0,Wisconsin,2012
16.0,Arizona,2012
17.0,UCLA,2012
18.0,Michigan,2012
19.0,Alabama,2012
20.0,Texas A&M,2012
21.0,Cincinnati,2012
22.0,Marquette,2012
23.0,Gonzaga,2012
24.0,California,2012
25.0,Missouri,2012
1.0,Indiana,2013
2.0,Louisville,2013
3.0,Kentucky,2013
4.0,Ohio State,2013
5.0,Michigan,2013
6.0,NC State,2013
7.0,Kansas,2013
8.0,Duke,2013
9.0,Syracuse,2013
10.0,Florida,2013
11.0,North Carolina,2013
12.0,Arizona,2013
13.0,UCLA,2013
14.0,Michigan State,2013
15.0,Missouri,2013
16.0,Creighton,2013
17.0,Memphis,2013
18.0,UNLV,2013
19.0,Baylor,2013
20.0,San Diego State,2013
21.0,Gonzaga,2013
22.0,Notre Dame,2013
23.0,Wisconsin,2013
24.0,Cincinnati,2013
25.0,Florida State,2013
1.0,Kentucky,2014
2.0,Michigan State,2014
3.0,Louisville,2014
4.0,Duke,2014
5.0,Kansas,2014
6.0,Arizona,2014
7.0,Michigan,2014
8.0,Oklahoma State,2014
8.0,Syracuse,2014
10.0,Florida,2014
11.0,Ohio State,2014
12.0,North Carolina,2014
13.0,Memphis,2014
14.0,VCU,2014
15.0,Gonzaga,2014
16.0,Wichita State,2014
17.0,Marquette,2014
18.0,Connecticut,2014
19.0,Oregon,2014
20.0,Wisconsin,2014
21.0,Notre Dame,2014
22.0,UCLA,2014
23.0,New Mexico,2014
24.0,Virginia,2014
25.0,Baylor,2014
1.0,Kentucky,2015
2.0,Arizona,2015
3.0,Wisconsin,2015
4.0,Duke,2015
5.0,Kansas,2015
6.0,North Carolina,2015
7.0,Florida,2015
8.0,Louisville,2015
9.0,Virginia,2015
10.0,Texas,2015
11.0,Wichita State,2015
12.0,Villanova,2015
13.0,Gonzaga,2015
14.0,Iowa State,2015
15.0,VCU,2015
16.0,San Diego State,2015
17.0,Connecticut,2015
18.0,Michigan State,2015
19.0,Oklahoma,2015
20.0,Ohio State,2015
21.0,Nebraska,2015
22.0,SMU,2015
23.0,Syracuse,2015
24.0,Michigan,2015
25.0,Harvard,2015
25.0,Utah,2015
1.0,North Carolina,2016
2.0,Kentucky,2016
3.0,Maryland,2016
4.0,Kansas,2016
5.0,Duke,2016
6.0,Virginia,2016
7.0,Iowa State,2016
8.0,Oklahoma,2016
9.0,Gonzaga,2016
10.0,Wichita State,2016
11.0,Villanova,2016
12.0,Arizona,2016
13.0,Michigan State,2016
14.0,California,2016
15.0,Indiana,2016
16.0,Utah,2016
17.0,Wisconsin,2016
18.0,Vanderbilt,2016
19.0,Notre Dame,2016
20.0,Connecticut,2016
21.0,LSU,2016
22.0,Baylor,2016
23.0,Purdue,2016
24.0,Butler,2016
25.0,Michigan,2016
1.0,Duke,2017
2.0,Kentucky,2017
3.0,Kansas,2017
4.0,Villanova,2017
5.0,Oregon,2017
6.0,North Carolina,2017
7.0,Xavier,2017
8.0,Virginia,2017
9.0,Wisconsin,2017
10.0,Arizona,2017
11.0,Indiana,2017
12.0,Michigan State,2017
13.0,Louisville,2017
14.0,Gonzaga,2017
15.0,Purdue,2017
16.0,UCLA,2017
17.0,Saint Mary's,2017
18.0,Connecticut,2017
19.0,Syracuse,2017
20.0,West Virginia,2017
21.0,Texas,2017
22.0,Creighton,2017
23.0,Rhode Island,2017
24.0,Iowa State,2017
25.0,Maryland,2017
